ID,x,y,z,cell_type
0,10.0,121.2435565298214,0,hepatocyte
1,10.0,155.88457268119893,0,hepatocyte
2,10.0,190.5255888325765,0,hepatocyte
3,30.0,86.60254037844385,0,hepatocyte
4,20.0,103.92304845413264,0,hepatocyte
5,30.0,121.2435565298214,0,hepatocyte
6,20.0,138.56406460551017,0,hepatocyte
7,30.0,155.88457268119893,0,hepatocyte
8,20.0,173.2050807568877,0,hepatocyte
9,30.0,190.5255888325765,0,hepatocyte
10,20.0,207.84609690826528,0,hepatocyte
11,30.0,225.166604983954,0,hepatocyte
12,50.0,51.96152422706632,0,hepatocyte
13,40.0,69.28203230275508,0,hepatocyte
14,50.0,86.60254037844385,0,hepatocyte
15,40.0,103.92304845413264,0,hepatocyte
16,50.0,121.2435565298214,0,hepatocyte
17,40.0,138.56406460551017,0,hepatocyte
18,50.0,155.88457268119893,0,hepatocyte
19,40.0,173.2050807568877,0,hepatocyte
20,50.0,190.5255888325765,0,hepatocyte
21,40.0,207.84609690826528,0,hepatocyte
22,50.0,225.166604983954,0,hepatocyte
23,40.0,242.4871130596428,0,hepatocyte
24,50.0,259.80762113533154,0,hepatocyte
25,60.0,34.64101615137754,0,hepatocyte
26,70.0,51.96152422706632,0,hepatocyte
27,60.0,69.28203230275508,0,hepatocyte
28,70.0,86.60254037844385,0,hepatocyte
29,60.0,103.92304845413264,0,hepatocyte
30,70.0,121.2435565298214,0,hepatocyte
31,60.0,138.56406460551017,0,hepatocyte
32,70.0,155.88457268119893,0,hepatocyte
33,60.0,173.2050807568877,0,hepatocyte
34,70.0,190.5255888325765,0,hepatocyte
35,60.0,207.84609690826528,0,hepatocyte
36,70.0,225.166604983954,0,hepatocyte
37,60.0,242.4871130596428,0,hepatocyte
38,70.0,259.80762113533154,0,hepatocyte
39,90.0,17.32050807568877,0,hepatocyte
40,80.0,34.64101615137754,0,hepatocyte
41,90.0,51.96152422706632,0,hepatocyte
42,80.0,69.28203230275508,0,hepatocyte
43,90.0,86.60254037844385,0,hepatocyte
44,80.0,103.92304845413264,0,hepatocyte
45,90.0,121.2435565298214,0,hepatocyte
46,80.0,138.56406460551017,0,hepatocyte
47,90.0,155.88457268119893,0,hepatocyte
48,80.0,173.2050807568877,0,hepatocyte
49,90.0,190.5255888325765,0,hepatocyte
50,80.0,207.84609690826528,0,hepatocyte
51,90.0,225.166604983954,0,hepatocyte
52,80.0,242.4871130596428,0,hepatocyte
53,90.0,259.80762113533154,0,hepatocyte
54,80.0,277.12812921102034,0,hepatocyte
55,110.0,17.32050807568877,0,hepatocyte
56,100.0,34.64101615137754,0,hepatocyte
57,110.0,51.96152422706632,0,hepatocyte
58,100.0,69.28203230275508,0,hepatocyte
59,110.0,86.60254037844385,0,hepatocyte
60,100.0,103.92304845413264,0,hepatocyte
61,110.0,121.2435565298214,0,hepatocyte
62,100.0,138.56406460551017,0,hepatocyte
63,110.0,155.88457268119893,0,hepatocyte
64,100.0,173.2050807568877,0,hepatocyte
65,110.0,190.5255888325765,0,hepatocyte
66,100.0,207.84609690826528,0,hepatocyte
67,110.0,225.166604983954,0,hepatocyte
68,100.0,242.4871130596428,0,hepatocyte
69,110.0,259.80762113533154,0,hepatocyte
70,100.0,277.12812921102034,0,hepatocyte
71,110.0,294.4486372867092,0,hepatocyte
72,130.0,17.32050807568877,0,hepatocyte
73,120.0,34.64101615137754,0,hepatocyte
74,130.0,51.96152422706632,0,hepatocyte
75,120.0,69.28203230275508,0,hepatocyte
76,130.0,86.60254037844385,0,hepatocyte
77,120.0,103.92304845413264,0,hepatocyte
78,130.0,121.2435565298214,0,hepatocyte
79,120.0,138.56406460551017,0,hepatocyte
80,130.0,155.88457268119893,0,hepatocyte
81,120.0,173.2050807568877,0,hepatocyte
82,130.0,190.5255888325765,0,hepatocyte
83,120.0,207.84609690826528,0,hepatocyte
84,130.0,225.166604983954,0,hepatocyte
85,120.0,242.4871130596428,0,hepatocyte
86,130.0,259.80762113533154,0,hepatocyte
87,120.0,277.12812921102034,0,hepatocyte
88,130.0,294.4486372867092,0,hepatocyte
89,150.0,17.32050807568877,0,hepatocyte
90,140.0,34.64101615137754,0,hepatocyte
91,150.0,51.96152422706632,0,hepatocyte
92,140.0,69.28203230275508,0,hepatocyte
93,150.0,86.60254037844385,0,hepatocyte
94,140.0,103.92304845413264,0,hepatocyte
95,150.0,121.2435565298214,0,hepatocyte
96,140.0,138.56406460551017,0,hepatocyte
97,150.0,155.88457268119893,0,hepatocyte
98,140.0,173.2050807568877,0,hepatocyte
99,150.0,190.5255888325765,0,hepatocyte
100,140.0,207.84609690826528,0,hepatocyte
101,150.0,225.166604983954,0,hepatocyte
102,140.0,242.4871130596428,0,hepatocyte
103,150.0,259.80762113533154,0,hepatocyte
104,140.0,277.12812921102034,0,hepatocyte
105,150.0,294.4486372867092,0,hepatocyte
106,170.0,17.32050807568877,0,hepatocyte
107,160.0,34.64101615137754,0,hepatocyte
108,170.0,51.96152422706632,0,hepatocyte
109,160.0,69.28203230275508,0,hepatocyte
110,170.0,86.60254037844385,0,hepatocyte
111,160.0,103.92304845413264,0,hepatocyte
112,170.0,121.2435565298214,0,hepatocyte
113,160.0,138.56406460551017,0,hepatocyte
114,170.0,155.88457268119893,0,hepatocyte
115,160.0,173.2050807568877,0,hepatocyte
116,170.0,190.5255888325765,0,hepatocyte
117,160.0,207.84609690826528,0,hepatocyte
118,170.0,225.166604983954,0,hepatocyte
119,160.0,242.4871130596428,0,hepatocyte
120,170.0,259.80762113533154,0,hepatocyte
121,160.0,277.12812921102034,0,hepatocyte
122,170.0,294.4486372867092,0,hepatocyte
123,190.0,17.32050807568877,0,hepatocyte
124,180.0,34.64101615137754,0,hepatocyte
125,190.0,51.96152422706632,0,hepatocyte
126,180.0,69.28203230275508,0,hepatocyte
127,190.0,86.60254037844385,0,hepatocyte
128,180.0,103.92304845413264,0,hepatocyte
129,190.0,121.2435565298214,0,hepatocyte
130,180.0,138.56406460551017,0,hepatocyte
131,190.0,155.88457268119893,0,hepatocyte
132,180.0,173.2050807568877,0,hepatocyte
133,190.0,190.5255888325765,0,hepatocyte
134,180.0,207.84609690826528,0,hepatocyte
135,190.0,225.166604983954,0,hepatocyte
136,180.0,242.4871130596428,0,hepatocyte
137,190.0,259.80762113533154,0,hepatocyte
138,180.0,277.12812921102034,0,hepatocyte
139,190.0,294.4486372867092,0,hepatocyte
140,210.0,17.32050807568877,0,hepatocyte
141,200.0,34.64101615137754,0,hepatocyte
142,210.0,51.96152422706632,0,hepatocyte
143,200.0,69.28203230275508,0,hepatocyte
144,210.0,86.60254037844385,0,hepatocyte
145,200.0,103.92304845413264,0,hepatocyte
146,210.0,121.2435565298214,0,hepatocyte
147,200.0,138.56406460551017,0,hepatocyte
148,210.0,155.88457268119893,0,hepatocyte
149,200.0,173.2050807568877,0,hepatocyte
150,210.0,190.5255888325765,0,hepatocyte
151,200.0,207.84609690826528,0,hepatocyte
152,210.0,225.166604983954,0,hepatocyte
153,200.0,242.4871130596428,0,hepatocyte
154,210.0,259.80762113533154,0,hepatocyte
155,200.0,277.12812921102034,0,hepatocyte
156,220.0,34.64101615137754,0,hepatocyte
157,230.0,51.96152422706632,0,hepatocyte
158,220.0,69.28203230275508,0,hepatocyte
159,230.0,86.60254037844385,0,hepatocyte
160,220.0,103.92304845413264,0,hepatocyte
161,230.0,121.2435565298214,0,hepatocyte
162,220.0,138.56406460551017,0,hepatocyte
163,230.0,155.88457268119893,0,hepatocyte
164,220.0,173.2050807568877,0,hepatocyte
165,230.0,190.5255888325765,0,hepatocyte
166,220.0,207.84609690826528,0,hepatocyte
167,230.0,225.166604983954,0,hepatocyte
168,220.0,242.4871130596428,0,hepatocyte
169,230.0,259.80762113533154,0,hepatocyte
170,220.0,277.12812921102034,0,hepatocyte
171,240.0,34.64101615137754,0,hepatocyte
172,250.0,51.96152422706632,0,hepatocyte
173,240.0,69.28203230275508,0,hepatocyte
174,250.0,86.60254037844385,0,hepatocyte
175,240.0,103.92304845413264,0,hepatocyte
176,250.0,121.2435565298214,0,hepatocyte
177,240.0,138.56406460551017,0,hepatocyte
178,250.0,155.88457268119893,0,hepatocyte
179,240.0,173.2050807568877,0,hepatocyte
180,250.0,190.5255888325765,0,hepatocyte
181,240.0,207.84609690826528,0,hepatocyte
182,250.0,225.166604983954,0,hepatocyte
183,240.0,242.4871130596428,0,hepatocyte
184,250.0,259.80762113533154,0,hepatocyte
185,260.0,69.28203230275508,0,hepatocyte
186,270.0,86.60254037844385,0,hepatocyte
187,260.0,103.92304845413264,0,hepatocyte
188,270.0,121.2435565298214,0,hepatocyte
189,260.0,138.56406460551017,0,hepatocyte
190,270.0,155.88457268119893,0,hepatocyte
191,260.0,173.2050807568877,0,hepatocyte
192,270.0,190.5255888325765,0,hepatocyte
193,260.0,207.84609690826528,0,hepatocyte
194,270.0,225.166604983954,0,hepatocyte
195,260.0,242.4871130596428,0,hepatocyte
196,280.0,103.92304845413264,0,hepatocyte
197,290.0,121.2435565298214,0,hepatocyte
198,280.0,138.56406460551017,0,hepatocyte
199,290.0,155.88457268119893,0,hepatocyte
200,280.0,173.2050807568877,0,hepatocyte
201,290.0,190.5255888325765,0,hepatocyte
202,280.0,207.84609690826528,0,hepatocyte
